Peptide,hla,Molecular_weight,GRAVY,instability,mhcflurry_affinity_percentile,pI,mhcflurry_processing_score,mhcflurry_presentation_score,mhcflurry_presentation_percentile,Half_life,charge,score,allele,pseudosequence,hydro_P2,hydro_P9,Qualitative_Measure
YLGTGHTL,HLA-A24:02,989.13,-0.33,-18.36,0.004625,8.6,0.90272356569767,0.986617704091726,0.0024999999999977,1.3,1,0.15018,HLA-A24:02,YSAMYEEKVAHTDENIAYLMFHYYTWAVQAYTGY,3.8,3.8,1
VASAQIHLY,HLA-A01:01,1102.24,0.66,21.34,0.188125,6.4,0.462824888527393,0.769690295934435,0.326820652173893,7.2,0,-0.08237,HLA-A01:01,YFAMYQENMAHTDANTLYIIYRDYTWVARVYRGY,1.8,-1.3,0
ENAAYQVL,HLA-B44:02,1008.08,-0.1,21.91,0.135125,4.05,0.489908669143915,0.884998432106704,0.144782608695664,7.2,0,-0.00175,HLA-B44:02,YYTKYREISTNTYENTAYIRYDDYTWAVDAYLSY,-3.5,3.8,0
MTENIVEV,HLA-A02:01,1090.25,-0.1,66.48,0.033125,4.53,0.893273741006851,0.992785879193505,0.0007065217391186,1.0,0,0.32567,HLA-A02:01,YFAMYGEKVAHTHVDTLYVRYHYYTWAVLAYTWY,-0.7,4.2,1
LHESDPMVI,HLA-A02:01,1187.36,0.46,20.72,0.476875,4.35,0.826960079371929,0.956972867139642,0.0369565217391425,1.1,-1,-0.16277,HLA-A02:01,YFAMYGEKVAHTHVDTLYVRYHYYTWAVLAYTWY,-3.2,4.5,0
ILHRLHEI,HLA-A02:01,1177.4,0.56,51.69,0.0585,6.92,0.169697714969516,0.900868002027345,0.121195652173924,1.1,1,0.15471,HLA-A02:01,YFAMYGEKVAHTHVDTLYVRYHYYTWAVLAYTWY,3.8,4.5,0
LAYVSVLY,HLA-A29:02,1040.25,2.02,8.89,0.0305,5.52,0.0539091379614546,0.776582008742521,0.315244565217355,5.5,0,-0.07819,HLA-A29:02,YTAMYLQNVAQTDANTLYIMYRDYTWAVLAYTWY,1.8,-1.3,1
YIEMLKSI,HLA-A24:02,1127.42,0.79,74.59,0.0355,5.75,0.590252012014389,0.9483693784867,0.049510869565239,30.0,0,-0.31615,HLA-A24:02,YSAMYEEKVAHTDENIAYLMFHYYTWAVQAYTGY,4.5,4.5,1
PFDKATIM,HLA-B35:01,1035.26,0.57,55.97,0.046375,5.84,0.778687968850136,0.973771676145048,0.0153804347826422,5.5,0,-0.00233,HLA-B35:01,YYATYRNIFTNTYESNLYIRYDSYTWAVLAYLWY,2.8,1.9,1
ECSQELQKF,HLA-B44:02,1212.33,-1.03,143.32,0.02075,4.53,0.228030471131205,0.811656283121126,0.260380434782604,7.2,0,-0.43347,HLA-B44:02,YYTKYREISTNTYENTAYIRYDDYTWAVDAYLSY,2.5,2.8,0
RAMYSVEL,HLA-C07:01,1096.3,-0.26,71.42,0.01025,8.59,0.389982596039772,0.907603641503208,0.109809782608707,1.3,1,-0.22999,HLA-C07:01,YDSGYRENYRQADVSNLYLRYDSYTLAALAYTWY,1.8,3.8,1
FFDRIRFF,HLA-A24:02,1246.46,0.82,14.22,0.114125,9.57,0.669801857322454,0.945672059266013,0.0538586956521953,100.0,1,0.34808,HLA-A24:02,YSAMYEEKVAHTDENIAYLMFHYYTWAVQAYTGY,2.8,2.8,0
LMMTLPSI,HLA-A02:01,1018.33,1.84,45.29,0.097,5.53,0.0637162479106336,0.838095880911685,0.218288043478239,5.5,0,-0.31236,HLA-A02:01,YFAMYGEKVAHTHVDTLYVRYHYYTWAVLAYTWY,1.9,4.5,0
LLPVLFGV,HLA-A02:06,956.22,2.76,51.69,0.0051249999999999,5.49,0.531753820367157,0.979356304013592,0.0084239130434866,100.0,0,0.1336,HLA-A02:06,YYAMYGEKVAHTHVDTLYVRYHYYTWAVLAYTWY,3.8,4.2,1
LHDRQHSI,HLA-A02:01,1118.25,-0.73,21.91,0.1885,6.92,0.160899348556995,0.83227758882377,0.226847826086967,5.5,1,-0.09518,HLA-A02:01,YFAMYGEKVAHTHVDTLYVRYHYYTWAVLAYTWY,-3.2,4.5,1
ELKKTSSF,HLA-B44:02,1053.17,-1.17,20.86,0.0595,8.59,0.700152177363634,0.952866083294727,0.0440760869565366,1.4,1,-0.63034,HLA-B44:02,YYTKYREISTNTYENTAYIRYDDYTWAVDAYLSY,3.8,2.8,0
ISCLTFGR,HLA-A33:03,1033.2,0.44,129.04,0.04025,8.26,0.0368481220211833,0.754300693261813,0.351358695652166,3.5,1,0.03639,HLA-A33:03,YTAMYRNNVAHIDVDTLYIMYQDYTWAVLAYTWY,-0.8,-4.5,1
VHQIFGSAY,HLA-B15:01,1152.32,0.6,9.0,0.14825,6.49,0.425033454317599,0.87306837846772,0.164103260869567,30.0,0,0.05268,HLA-B15:01,YYAMYREISTNTYESNLYLRYDSYTWAEWAYLWY,-3.2,-1.3,1
YVSYHTVY,HLA-A24:02,1160.23,-0.41,5.84,0.968374999999999,5.24,0.892197452485561,0.771193866161023,0.323505434782604,1.0,0,-0.06934,HLA-A24:02,YSAMYEEKVAHTDENIAYLMFHYYTWAVQAYTGY,4.2,-1.3,0
MYLPGAEV,HLA-A02:01,966.11,0.46,47.17,0.20825,4.05,0.187197149265557,0.836326724057346,0.221249999999983,1.9,0,0.10026,HLA-A02:01,YFAMYGEKVAHTHVDTLYVRYHYYTWAVLAYTWY,-1.3,4.2,1
LILFLLFV,HLA-A02:01,1140.46,3.13,30.29,0.016875,5.52,0.0088876856752904,0.871459214579331,0.167038043478243,2.8,0,0.19464,HLA-A02:01,YFAMYGEKVAHTHVDTLYVRYHYYTWAVLAYTWY,4.5,4.2,0
YIVMPVFI,HLA-A24:02,1094.41,2.63,69.68,0.090375,5.52,0.861093997955322,0.974056660629577,0.0141576086956831,20.0,0,0.00654,HLA-A24:02,YSAMYEEKVAHTDENIAYLMFHYYTWAVQAYTGY,4.5,4.5,0
LYDFDYYII,HLA-A02:01,1325.46,0.4,49.82,0.362,4.05,0.330958516336977,0.841088775084575,0.213750000000004,7.2,-1,0.22788,HLA-A02:01,YFAMYGEKVAHTHVDTLYVRYHYYTWAVLAYTWY,-1.3,4.5,0
MINGVVKL,HLA-A02:01,960.19,1.11,-20.44,0.084625,8.47,0.516151152551174,0.96424617835298,0.0267391304348052,1.9,0,0.01739,HLA-A02:01,YFAMYGEKVAHTHVDTLYVRYHYYTWAVLAYTWY,4.5,3.8,1
LENVAFNV,HLA-A02:01,992.08,0.61,8.89,0.285375,4.05,0.0927903840783983,0.742745675670397,0.368532608695645,1.9,0,0.19804,HLA-A02:01,YFAMYGEKVAHTHVDTLYVRYHYYTWAVLAYTWY,-3.5,4.2,1
YVSVMNFI,HLA-A24:02,1071.29,1.8,-16.19,0.04975,5.49,0.732103321701288,0.965953891241422,0.0255434782608858,100.0,0,-0.21523,HLA-A24:02,YSAMYEEKVAHTDENIAYLMFHYYTWAVQAYTGY,4.2,4.5,0
VGGVFTSV,HLA-A02:01,851.94,1.37,13.17,0.150625,5.24,0.482934825122356,0.948142629795685,0.049510869565239,1.9,0,0.1316,HLA-A02:01,YFAMYGEKVAHTHVDTLYVRYHYYTWAVLAYTWY,-0.4,4.2,1
LLVHPQWV,HLA-A02:01,1048.24,0.71,17.66,0.181125,6.74,0.110304668778554,0.810879643516455,0.260380434782604,30.0,0,0.09066,HLA-A02:01,YFAMYGEKVAHTHVDTLYVRYHYYTWAVLAYTWY,3.8,4.2,1
QIEWRMKK,HLA-A11:01,1219.46,-1.61,32.63,0.155875,9.99,0.16683382546762,0.783683257517365,0.304076086956485,7.2,2,0.13417,HLA-A11:01,YYAMYQENVAQTDVDTLYIIYRDYTWAAQAYRWY,4.5,-3.9,0
PQQKGLRL,HLA-B07:02,1067.29,-1.52,55.28,0.029125,11.17,0.66546992957592,0.959263332653379,0.0344021739130369,1.3,3,-0.31138,HLA-B07:02,YYSEYRNIYAQTDESNLYLSYDYYTWAERAYEWY,-3.5,3.8,1
PTPKGTVM,HLA-B07:02,986.19,-0.81,11.42,0.002125,11.0,0.693685218691826,0.969286824269444,0.0200815217391578,1.0,2,-0.11978,HLA-B07:02,YYSEYRNIYAQTDESNLYLSYDYYTWAERAYEWY,-0.7,1.9,1
RKLFGTHF,HLA-B27:05,1062.22,-0.41,-21.5,0.091,11.0,0.474968678783625,0.874248038095832,0.162499999999994,30.0,2,0.1164,HLA-B27:05,YHTEYREICAKTDEDTLYLNYHDYTWAVLAYEWY,-3.9,2.8,1
SGKDIYTY,HLA-A01:01,1093.19,-0.51,-9.98,0.085,5.83,0.255498605780303,0.748021217455179,0.360951086956504,1.1,0,-0.03956,HLA-A01:01,YFAMYQENMAHTDANTLYIIYRDYTWVARVYRGY,-0.4,-1.3,0
LYDVVTKL,HLA-A02:01,1021.21,0.93,16.33,0.033125,5.88,0.908561088144779,0.993148781082687,0.000489130434758,4.4,0,0.00694,HLA-A02:01,YFAMYGEKVAHTHVDTLYVRYHYYTWAVLAYTWY,-1.3,3.8,1
MACVGFFL,HLA-A02:01,974.2,2.07,53.61,0.021625,5.24,0.0229798836808186,0.872096257419025,0.165597826086937,1.9,0,0.19775,HLA-A02:01,YFAMYGEKVAHTHVDTLYVRYHYYTWAVLAYTWY,1.8,3.8,1
SLAPEIRMYW,HLA-B57:01,1322.53,-0.09,72.01,0.027125,6.0,0.605688747018576,0.951891813556119,0.0451630434782828,30.0,0,0.15043,HLA-B57:01,YYAMYGENMASTYENIAYIVYDSYTWAVLAYLWY,3.8,-1.3,1
YSSPNVSI,HLA-A24:02,965.06,0.46,70.73,0.090375,5.49,0.149138833861798,0.752388037767572,0.354239130434763,100.0,0,-0.29888,HLA-A24:02,YSAMYEEKVAHTDENIAYLMFHYYTWAVQAYTGY,-0.8,4.5,0
EIKRGLFF,HLA-B44:02,1096.28,0.09,69.04,0.035125,8.46,0.607210163027048,0.940078816672612,0.0617934782608813,1.9,1,-0.03246,HLA-B44:02,YYTKYREISTNTYENTAYIRYDDYTWAVDAYLSY,4.5,2.8,0
YPDAPPLRL,HLA-A24:02,1154.36,-0.09,71.58,0.064375,5.84,0.761047102510929,0.966713647931235,0.0240489130435008,5.5,0,0.05646,HLA-A24:02,YSAMYEEKVAHTDENIAYLMFHYYTWAVQAYTGY,-1.6,3.8,1
VYEGVWKK,HLA-A03:01,1136.34,-1.04,-17.3,0.00325,9.53,0.742044918239117,0.980109695019429,0.0072554347826212,1.3,2,0.23235,HLA-A03:01,YFAMYQENVAQTDVDTLYIIYRDYTWAELAYTWY,-1.3,-3.9,1
